Item,Description,Supplier,Unit Cost,Annual Forecast,Base Raw Material,% Metal Content,"Type (Raw, Derivative, Industrial)",Foreign or US Material,Country of Origin,HTS CODE
5005319, 12 IN STICK HANGING CANVAS BK ,"IQ Accessories, Inc",$4.92,"4,714",Wood,0,,,China,4414.10.00
5005320, 15 IN STICK HANGING CANVAS BK ,"IQ Accessories, Inc",$5.18,"3,771",Wood,0,,,China,4414.10.00
5005321, 17 IN STICK HANGING CANVAS BK ,"IQ Accessories, Inc",$5.85,"10,195",Wood,0,,,China,4414.10.00
5005322, 21 IN STICK HANGING CANVAS BK ,"IQ Accessories, Inc",$6.25,"9,092",Wood,0,,,China,4414.10.00
5005323, 12IN STICK HANGING CANVAS NATURAL ,"IQ Accessories, Inc",$4.92,"2,693",Wood,0,,,China,4414.10.00
5005324, 15IN STICK HANGING CANVAS NATURAL ,"IQ Accessories, Inc",$5.18,"2,289",Wood,0,,,China,4414.10.00
5005325, 17IN STICK HANGING CANVAS NATURAL ,"IQ Accessories, Inc",$5.85,"3,582",Wood,0,,,China,4414.10.00
5005326, 21IN STICK HANGING CANVAS NATURAL ,"IQ Accessories, Inc",$6.25,"4,684",Wood,0,,,China,4414.10.00
5005503, Silver Stand Offs 4 pack ,Bigger Printing Group LTD,$2.40,"6,000",Aluminum,100,Raw,Foreign,China,7616.99.51
5005504, Brass Stand Offs 4 pack ,Bigger Printing Group LTD,$2.40,"8,000",Aluminum,100,Raw,Foreign,China,7616.99.51
5005505, Black Stand Offs 4 pack ,Bigger Printing Group LTD,$2.40,"6,000",Aluminum,100,Raw,Foreign,China,7616.99.51
130-1123-00, Stretcher Bar Canvas Auto 8 in ,Tara Materials Inc,$0.45,"55,040",Wood,0,,,Mexico,4409.10.90
130-1122-00, Stretcher Bar Canvas Auto 36 in ,Tara Materials Inc,$2.17,"46,258",Wood,0,,,Mexico,4409.10.90
130-1121-00, Stretcher Bar Canvas Auto 30 in ,Tara Materials Inc,$1.83,"25,034",Wood,0,,,Mexico,4409.10.90
130-1120-00, Stretcher Bar Canvas Auto 24 in ,Tara Materials Inc,$1.48,"124,870",Wood,0,,,Mexico,4409.10.90
130-1119-00, Stretcher Bar Canvas Auto 20 in ,Tara Materials Inc,$0.89,"280,160",Wood,0,,,Mexico,4409.10.90
130-1118-00, Stretcher Bar Canvas Auto 16 in ,Tara Materials Inc,$0.76,"213,202",Wood,0,,,Mexico,4409.10.90
130-1117-00, Stretcher Bar Canvas Auto 14 in ,Tara Materials Inc,$0.69,"37,913",Wood,0,,,Mexico,4409.10.90
130-1116-00, Stretcher Bar Canvas Auto 12 in ,Tara Materials Inc,$0.62,"36,115",Wood,0,,,Mexico,4409.10.90
130-1115-00, Stretcher Bar Canvas Auto 10 in ,Tara Materials Inc,$0.54,"138,417",Wood,0,,,Mexico,4409.10.90
40-1115-01, Ribbon Red TP Ornament 625inx21in 100 s ,Royal Case Company,$0.02,"2,234,974",Polyester,0,,,China,6307.90.98
5004381, Luggage Tag Loop 9in ,Royal Case Company,$0.07,"134,262",plastic,0,,,China,3926.90.99
140-1221-00, Pouch Gray SFLY Ornament 4 in x 6 in ,Royal Case Company,$0.138,"2,244,462",Polyester,0,,,China,6307.90.98
140-1022-00, Mug Travel SS 20 oz Vacuum ,Photo USA Corp,$3.79,"4,072",Stainless Steel,100,Raw,Foreign,China,7323.93.00
41-1101-01, Mouse Pad Rounded 925x775x55mm ,"MPD Holdings, Inc",$0.78,"193,244",Open cellular spong rubber,0,,,Taiwan,8473.30.51
5004031, Frame Metal-Mounted WT 8x10 ,Universal Arquati,$7.83,207,Wood,0,,,Indonesia,4421.99.98
5004037, Frame Metal-Mounted WT 24x36 ,Universal Arquati,$17.52,167,Wood,0,,,Indonesia,4421.99.98
5004034, Frame Metal-Mounted WT 20x30 ,Universal Arquati,$15.65,178,Wood,0,,,Indonesia,4421.99.98
5004032, Frame Metal-Mounted WT 16x20 ,Universal Arquati,$12.18,215,Wood,0,,,Indonesia,4421.99.98
5004035, Frame Metal-Mounted WT 16x16 ,Universal Arquati,$11.13,155,Wood,0,,,Indonesia,4421.99.98
5004038, Frame Metal-Mounted WT 12x36 ,Universal Arquati,$14.29,102,Wood,0,,,Indonesia,4421.99.98
5004036, Frame Metal-Mounted WT 12x12 ,Universal Arquati,$9.12,109,Wood,0,,,Indonesia,4421.99.98
5004033, Frame Metal-Mounted WT 10x14 ,Universal Arquati,$9.12,231,Wood,0,,,Indonesia,4421.99.98
5004023, Frame Metal-Mounted Walnut 8x10 ,Universal Arquati,$8.30,793,Wood,0,,,Indonesia,4421.99.98
5004029, Frame Metal-Mounted Walnut 24x36 ,Universal Arquati,$18.86,373,Wood,0,,,Indonesia,4421.99.98
5004026, Frame Metal-Mounted Walnut 20x30 ,Universal Arquati,$16.79,398,Wood,0,,,Indonesia,4421.99.98
5004024, Frame Metal-Mounted Walnut 16x20 ,Universal Arquati,$13.02,575,Wood,0,,,Indonesia,4421.99.98
5004027, Frame Metal-Mounted Walnut 16x16 ,Universal Arquati,$12.19,247,Wood,0,,,Indonesia,4421.99.98
5004030, Frame Metal-Mounted Walnut 12x36 ,Universal Arquati,$15.43,214,Wood,0,,,Indonesia,4421.99.98
5004028, Frame Metal-Mounted Walnut 12x12 ,Universal Arquati,$9.70,395,Wood,0,,,Indonesia,4421.99.98
5004025, Frame Metal-Mounted Walnut 10x14 ,Universal Arquati,$9.70,810,Wood,0,,,Indonesia,4421.99.98
5004015, Frame Metal-Mounted BK 8x10 ,Universal Arquati,$7.83,"1,210",Wood,0,,,Indonesia,4421.99.98
5004021, Frame Metal-Mounted BK 24x36 ,Universal Arquati,$17.52,660,Wood,0,,,Indonesia,4421.99.98
5004018, Frame Metal-Mounted BK 20x30 ,Universal Arquati,$15.65,569,Wood,0,,,Indonesia,4421.99.98
5004016, Frame Metal-Mounted BK 16x20 ,Universal Arquati,$12.18,"1,212",Wood,0,,,Indonesia,4421.99.98
5004019, Frame Metal-Mounted BK 16x16 ,Universal Arquati,$11.13,692,Wood,0,,,Indonesia,4421.99.98
5004022, Frame Metal-Mounted BK 12x36 ,Universal Arquati,$14.29,613,Wood,0,,,Indonesia,4421.99.98
5004020, Frame Metal-Mounted BK 12x12 ,Universal Arquati,$9.12,593,Wood,0,,,Indonesia,4421.99.98
5004017, Frame Metal-Mounted BK 10x14 ,Universal Arquati,$9.12,"1,424",Wood,0,,,Indonesia,4421.99.98
140-1541-00, Framed Art Print 8x10 Rustic ,Universal Arquati,$6.62,"1,173",Wood,0,,,Indonesia,4421.99.98
140-1513-00, Framed Art Print 8x10 BK N2110 ,Universal Arquati,$5.62,"4,188",Wood,0,,,Indonesia,4421.99.98
140-1539-00, Framed Art Print 5x7 Rustic ,Universal Arquati,$6.62,494,Wood,0,,,Indonesia,4421.99.98
140-1544-00, Framed Art Print 16x20 Rustic ,Universal Arquati,$11.24,912,Wood,0,,,Indonesia,4421.99.98
140-1516-00, Framed Art Print 16x20 BK N2110 ,Universal Arquati,$9.41,"2,845",Wood,0,,,Indonesia,4421.99.98
140-1542-00, Framed Art Print 12x12 Rustic ,Universal Arquati,$8.79,307,Wood,0,,,Indonesia,4421.99.98
140-1514-00, Framed Art Print 12x12 BK N2110 ,Universal Arquati,$6.97,"1,227",Wood,0,,,Indonesia,4421.99.98
140-1224-00, Bamboo Easel ,"IQ Accessories, Inc",$0.62,"88,294",Bamboo,0,,,China,9403.60.80
41-1157-01, Cutting Board Rectangle Bamboo 9999128 ,Mud Pie LLC,$8.60,"2,098",Wood,0,,,China,4419.11.00
81-1022-01, Cldr Easel Hard BK 108x575 w-Holes ,Bigger Printing Group LTD,$0.438,"175,173",1.5mm paper board with leatherette paper,0,,,China,4910.00.40
5002931, Canvas EXP Matte Roll 122in x 225yd ,"Aurora Specialty Textiles Group, Inc","$2,351.25",341,poly-cotton (35% cotton/65% poly),0,,,Pakistan,5514.19.10
140-1511-00, Framed Art Print 5x7 BK N2110 ,Universal Arquati,$4.84,"2,472",Wood,0,,,Indonesia,4421.99.98
140-1515-00, Framed Art Print 11x14BK N2110 ,Universal Arquati,$7.17,"5,673",Wood,0,,,Indonesia,4421.99.98
140-1543-00, Framed Art Print 11x14 Rustic ,Universal Arquati,$9.09,"2,156",Wood,0,,,Indonesia,4421.99.98
5003827, 40oz Travel Mug BODY BTBR06140-WH ,Joto,$5.99,"35,670",Stainless Steel,100,Raw,Foreign,China,7323.93.00
5003828, 40oz Travel Mug LID BTBR06140-WH ,Joto,$0.43,"35,670",Plastic,0,,,China,3923.50.00
5003829, 40oz Travel Mug STRAW BTBR06140-WH ,Joto,$0.13,"35,670",Plastic,0,,,China,3917.29.00
140-1439-00, 750ml SS Water Btl w/straw STRAW WH MF ,Sun-Fly,$0.04,"17,208",Polyethylene,0,,,China,3924.10.40
140-1440-00, 750ml SS Water Btl w/Straw LID WH MF ,Sun-Fly,$0.30,"17,208",Polypropylene (PP) +  General Purpose Polystyrene （GPPS),0,,,China,3923.50.00
140-1413-00, 750ml SS Water Btl w/straw BOTTLE WH MF ,Sun-Fly,$1.65,"17,208",Stainless Steel,100,Raw,Foreign,China,7323.93.00
5000545, 5x7 Square Up Tabletop Canvas ,Tara Materials Inc,$2.60,"3,994",Wood,0,,,Mexico,4409.10.90
5000208, 30oz SS Wide Mouth Water Btl w/Lid WH MF ,Sun-Fly,$3.40,"10,368",Stainless Steel,100,Raw,Foreign,China,7323.93.00
5000209, 30oz SS Wide Mouth Water Btl LID WH MF ,Sun-Fly,$0.60,"10,368",Polypropylene,0,,,China,3923.50.00
5000210, 12oz Polymer Kids Cup WH MF ,Sun-Fly,$0.88,"7,934",Polybutylene Terephthalate (PBT),0,,,China,3924.10.20
5001540,SPF-DYE SUB TISSUE PAPER - TTT64x8,Beaver Paper,$106.63,#N/A,Paper,0,,,US,N/A
5001541,SPF DYESUB TRANSFER - TPUTHS-64-575-3-BE,Expand,$105.25,#N/A,Paper,0,,,Germany,4810.13.19
5001596,SPF RECYCLED CANVAS - 7013,Cotswold,$4.25,#N/A,Polyester,0,,,US,
5001597,SPF COTTON LAWN - ACE SUPIMA LAWN,Daechun,$3.51,#N/A,Cotton,0,,,Korea,5208.31.20
5001599,SPF DOGWOOD DENIM - 2833 BULL DENIM,Expand,$5.15,#N/A,Cotton,0,,,Pakistan,5208.23.00
5001600,SPF LIGHTWT COTTON TWILL - 2386 TWILL,Expand,$3.47,#N/A,Cotton,0,,,Pakistan,5209.29.00
5001601,SPF LONGLEAF GRAND - 3014 WARP SATIN,Expand,$7.50,#N/A,Cotton,0,,,Pakistan,5209.29.00
5001602,SPF PERFORMANCE LINEN - TOPAZ 911,Global Textile Alliance,$4.22,#N/A,Polyester,0,,,China,5407.69.20
5001603,SPF PERENNIAL SATEEN - IMPERIAL SATEEN,Lamar Fleming,$7.02,#N/A,Cotton,0,,,Italy,5208.29.20
5001604,SPF BELGIAN - 5896-0150-0021 OYSTER 21,Libeco,$21.75,#N/A,Flax & Cotton,0,,,Belgium,5309.11.00
5001605,SPF PERFORMANCE VELVET - RAVEL,Neon,$5.65,#N/A,Polyester,0,,,Turkey,6005.37.00
5001606,SPF POLARTEC FLEECE 200 SERIES - 6208,Milliken/Polartec,$5.04,#N/A,Polyester,0,,,China,6006.31.00
5001607,SPF CELOSIA VELVET - S/577-PFP,TVF,$6.69,#N/A,Polyester,0,,,China,6005.36.00
5001608,SPF CHIFFON - S/556,TVF,$3.04,#N/A,Polyester,0,,,China,5407.61.99
5001609,SPF COTTON POPLIN - S/544(45 ),TVF,$2.76,#N/A,Cotton,0,,,China,5208.22.80
5001891,SPF COT SPANDEX UNTREAT - S/919,TVF,$6.62,#N/A,Cotton,0,,,US,
5001611,SPF CYPRESS COT CANVAS - S/565PPC(CHT),TVF,$7.54,#N/A,Cotton,0,,,China,5209.21.00
5001613,SPF LINEN COTTON CANVAS - S/621,TVF,$9.25,#N/A,Linen and Cotton,0,,,China,5309.21.40
5001614,SPF MINKY - S/529,TVF,$3.82,#N/A,Polyester,0,,,China,5407.51.00
5001615,SPF MODERN JERSEY - S/920,TVF,$5.74,#N/A,Polyester,0,,,China,6004.10.00
5001616,SPF ORG COT KNIT UNTREAT - S/909,TVF,$6.11,#N/A,Cotton,0,,,US,
5001618,SPF ORGANIC COTTON SATEEN - S/504,TVF,$5.88,#N/A,Cotton,0,,,China,5208.29.20
5001619,SPF ORGANIC SWEAT PEA GAUZE - S/554ORG,TVF,$5.34,#N/A,Cotton,0,,,China,5208.19.60
5001620,SPF POLY CREPE DE CHINE - S/524,TVF,$3.40,#N/A,Polyester,0,,,China,5407.51.00
5001621,SPT SATIN - S/522,TVF,$2.52,#N/A,Polyester,0,,,China,5407.51.00
5001622,SPF SPORT LYCRA - S/914,TVF,$5.89,#N/A,Polyester,0,,,US,
5003721,SPF SPORT PIQUE LIGHT T-SHIRT JERSEY,TVF,$2.40,#N/A,Polyester,0,,,Taiwan,6006.32.00
5003722,SPF SPORT STRETCH WOVEN,TVF,$4.98,#N/A,Polyester,0,,,China,5515.12.00
5001928,SPF PETAL COTTON - BERNET SAMPLE F,Bernet Intnl,$2.08,#N/A,Cotton,0,,,Indonesia,5208.32.30
F5000008,SPF ENVIWALL 10PCW 300YD FSCMixCredit,Monadnock Paper Mills,"$1,183.25",#N/A,Paper,0,,,US,N/A
F5000038,SPF PEEL&STICK - 124992MP-FSCMixCredit,Lindenmeyr/Neenah,$928.76,#N/A,Paper,0,,,Canada,4814.90.02
F5000039,SPF GRASSCLOTH - NS1014P(27  WIDTH),Greenland,$4.99,"67,000",Sisal,0,,,China,5905.00.10
F5000010,SPF PEBBLE-HP DURABLE SUEDE-FSCMixCredit,Lexjet,$810.99,#N/A,PVC,0,,,China,4814.90.02
5004694,SPF VINYL WALLPAPER,GrimCo,$564.99,#N/A,PVC,0,,,China,5309.29.30
5003726,SPF METALLIC SILVER DG2055,Wallquest,$6.15,#N/A,PVC,0,,,Belgium,5309.29.30
5003727,SPF METALLIC GOLD DG2054,Wallquest,$6.15,#N/A,PVC,0,,,Belgium,5309.29.30
5003723,SPF APPAREL LINEN ESSEX LINEN WIDE PFD,Robert Kaufman,$5.05,#N/A,PVC,0,,,China,5309.29.30
5005101,8x8 Framed Photo Tile WH,Adventa,$0.95,"11,232",Plastic,0,,,UK,3924.90.20
5005102,8x8 Framed Photo Tile BK,Adventa,$0.95,"52,410",Plastic,0,,,UK,3924.90.20
5005103,8x10 Framed Photo Tile WH,Adventa,$1.40,"5,870",Plastic,0,,,UK,3924.90.20
5005104,8x10 Framed Photo Tile BK,Adventa,$1.40,"19,787",Plastic,0,,,UK,3924.90.20
5005089,5x7 Framed Photo Tile WH,Adventa,$0.88,"3,345",Plastic,0,,,UK,3924.90.20
5005100,5x7 Framed Photo Tile BK,Adventa,$0.88,"13,376",Plastic,0,,,UK,3924.90.20
5005109,16x16 Framed Photo Tile WH,Adventa,$3.20,"1,534",Plastic,0,,,UK,3924.90.20
5005110,16x16 Framed Photo Tile BK,Adventa,$3.20,"5,119",Plastic,0,,,UK,3924.90.20
5005107,12x12 Framed Photo Tile WH,Adventa,$2.46,"1,801",Plastic,0,,,UK,3924.90.20
5005108,12x12 Framed Photo Tile BK,Adventa,$2.46,"5,019",Plastic,0,,,UK,3924.90.20
5005105,11x14 Framed Photo Tile WH,Adventa,$2.42,"1,596",Plastic,0,,,UK,3924.90.20
5005106,11x14 Framed Photo Tile BK,Adventa,$2.42,"7,732",Plastic,0,,,UK,3924.90.20
150-1200-00,8x8 Framed Photo Tile Black SYFC88-BK,Adventa,#REF!,"1,594",Plastic,0,,,UK,3924.90.20
150-1201-00,8x8 Framed Photo Tile White SYFC88-WE,Adventa,#REF!,"10,918",Plastic,0,,,UK,3924.90.20
150-1203-00,8x10 Framed Photo Tile Black SYFC81-BK,Adventa,#REF!,766,Plastic,0,,,UK,3924.90.20
150-1204-00,8x10 Framed Photo Tile White SYFC81-WE,Adventa,#REF!,"5,880",Plastic,0,,,UK,3924.90.20
150-1206-00,5x7 Framed Photo Tile Black SYFC57-BK,Adventa,#REF!,191,Plastic,0,,,UK,3924.90.20
150-1207-00,5x7 Framed Photo Tile White SYFC57-WE,Adventa,#REF!,"2,967",Plastic,0,,,UK,3924.90.20
150-1209-00,11x14 Framed Photo Tile Black,Adventa,#REF!,149,Plastic,0,,,UK,3924.90.20
150-1210-00,11x14 Framed Photo Tile White,Adventa,#REF!,"1,595",Plastic,0,,,UK,3924.90.20
5003724,SPF SEERSUCKER JFL-4739,Greentex,$3.28,#N/A,Polyester,0,,,China,5208.22.40
5003725,SPF COTTON SILK CYA08-YF213936,Greentex,$13.96,#N/A,Polyester,0,,,China,5212.12.60
5004584,White Indoor Pillow Fabric 330GSM 59in,Greentex,$3.82,"18,198",Polyester,0,,,China,5407.52.20
5004585,Ivory Indoor Pillow Fabric 330GSM 59in,Greentex,$3.82,"8,540",Polyester,0,,,China,5407.52.20
5004586,Black Indoor Pillow Fabric 330GSM 59in,Greentex,$3.82,"4,424",Polyester,0,,,China,5407.52.20
5003990,SPF 19x19 INSERT 100 RECYC PET POLY,Greentex,$4.17,#N/A,Polyester,0,,,Colombia,9404.90.20
5003993,SPF 15x37 INSERT 100 RECYC PET POLY,Greentex,$7.41,#N/A,Polyester,0,,,Colombia,9404.90.20
5003991,SPF 21x21 INSERT 100 RECYC PET POLY,Greentex,$5.51,#N/A,Polyester,0,,,Colombia,9404.90.20
5003992,SPF 15x25 INSERT 100 RECYC PET POLY,Greentex,$6.33,#N/A,Polyester,0,,,Colombia,9404.90.20
5004154,SPF 15x37 INSERT 100 RECYC PET POLY,Greentex,$7.41,"19,151",Polyester,0,,,Colombia,9404.90.20
5004155,Pillow Insert 17x17 Vacuum Packed Flat,Greentex,$2.90,"19,564",Polyester,0,,,Colombia,9404.90.20
5004156,Pillow Insert 19x19 Vacuum Packed Flat,Greentex,$3.25,"12,645",Polyester,0,,,Colombia,9404.90.20
5004157,Pillow Insert 21x21 Vacuum Packed Flat,Greentex,$4.30,"17,669",Silicone,0,,,Colombia,9404.90.20
5004071,30x40 Fleece Blanket,Greentex,$1.91,"15,755",Polyester,0,,,China,6301.40.00
5004072,50X60 Fleece Blanket,Greentex,$3.36,"18,887",Polyester,0,,,China,6301.40.00
5004073,60X80 Fleece Blanket,Greentex,$5.24,"13,699",Polyester,0,,,China,6301.40.00
5004074,30x40 Plush Blanket,Greentex,$2.35,"18,503",Polyester,0,,,China,6301.40.00
5004075,50X60 Plush Blanket,Greentex,$3.50,"47,150",Polyester,0,,,China,6301.40.00
5004076,60X80 Plush Blanket,Greentex,$5.18,"102,351",Polyester,0,,,China,6301.40.00
5004077,30x40 Sherpa Blanket,Greentex,$3.99,"6,457",Polyester,0,,,China,6301.40.00
5004078,50X60 Sherpa Blanket,Greentex,$5.44,"18,805",Polyester,0,,,China,6301.40.00
5004079,60X80 Sherpa Blanket,Greentex,$8.08,"54,378",Polyester,0,,,China,6301.40.00
5002814,Bell Ornament-CC20222001,Clingmans Corporation LTD,$2.76,"6,991",glass,0,,,China,9505.10.25
5002894,Metal Floating Frame 5x7 Silver,Shikasa,$3.16,"5,090",steel,100,Raw,Foreign,China,8306.30.00
5002895,Metal Floating Frame 8x10 Silver,Shikasa,$4.15,"2,578",steel,100,Raw,Foreign,China,8306.30.00
5002838,Metal Floating Frame 5x7 Gold,Shikasa,$3.30,"4,571",steel,100,Raw,Foreign,China,8306.30.00
5002839,Metal Floating Frame 8x10 Gold,Shikasa,$4.15,"3,300",steel,100,Raw,Foreign,China,8306.30.00
5000530,5in BLK Oak Block SKA21-006A,Bigger Printing Group LTD,$0.60,"44,558",Oak,0,,,China,4403.91.00
5000531,5in NTRL Oak Block SKA21-006B,Bigger Printing Group LTD,$0.56,"30,085",Oak,0,,,China,4403.91.00
5006689,Round Glass Ornament SF25-23,"IQ Accessories, Inc",$1.73,"80,000",Glass,0,,,China,9505.10.10
5006690,Square Glass Ornament SF25-06,"IQ Accessories, Inc",$1.73,"80,000",Glass,0,,,China,9505.10.10
